MatchNo,GameNo,RallyNo,StrikeNo,StrikeVideoPosition,ScoreA1,ScoreA2,ScoreB1,ScoreB2,HitPlayer,BallPosition,NextBallPosition,StrikeTech,NextStrikeTech,StrikePosition,NextStrikePosition,GameAction,NextGameAction,StrikeEffect,NextStrikeEffect,SpinKind,NextSpinKind
2007040601,1,1,1,0.000000,0,0,0,0,王皓,1,26,1,26,1,14,1,14,9,2,3,12
2007040601,1,2,1,2.889909,0,0,1,0,王皓,1,14,1,14,9,10,1,4,5,6,3,8
2007040601,1,2,2,22.080848,0,0,1,0,吴尚垠,14,13,14,9,10,7,4,7,6,5,8,3
2007040601,1,2,3,22.626433,0,0,1,0,王皓,13,22,9,6,7,8,7,6,5,4,3,4
2007040601,1,2,4,23.351191,0,0,1,0,吴尚垠,22,21,6,5,8,7,6,5,4,9,4,3
2007040601,1,2,5,23.752667,0,0,1,0,王皓,21,26,5,26,7,14,5,14,9,2,3,12
2007040601,1,3,1,25.260317,0,0,2,0,吴尚垠,2,11,2,13,2,5,2,3,6,3,8,7
2007040601,1,3,2,37.902569,0,0,2,0,王皓,11,6,13,25,5,13,3,13,3,10,7,11
2007040601,1,3,3,37.902569,0,0,2,0,吴尚垠,6,25,25,0,13,0,13,0,10,0,11,0
2007040601,1,4,1,37.902569,1,0,2,0,吴尚垠,2,11,2,11,2,7,2,3,6,5,8,7
2007040601,1,4,2,48.990297,1,0,2,0,王皓,11,22,11,4,7,10,3,8,5,6,7,4
2007040601,1,4,3,49.078238,1,0,2,0,吴尚垠,22,21,4,15,10,7,8,9,6,5,4,3
2007040601,1,4,4,49.681606,1,0,2,0,王皓,21,16,15,6,7,10,9,8,5,6,3,4
2007040601,1,4,5,50.216007,1,0,2,0,吴尚垠,16,15,6,5,10,9,8,5,6,9,4,3
2007040601,1,4,6,50.700653,1,0,2,0,王皓,15,26,5,26,9,14,5,14,9,2,3,12
2007040601,1,5,1,50.700653,1,0,3,0,王皓,1,14,1,12,1,10,1,4,5,6,7,8
2007040601,1,5,2,62.494921,1,0,3,0,吴尚垠,14,21,12,3,10,7,4,7,6,5,8,3
2007040601,1,5,3,63.321519,1,0,3,0,王皓,21,16,3,16,7,8,7,10,5,6,3,4
2007040601,1,5,4,63.859508,1,0,3,0,吴尚垠,16,21,16,3,8,7,10,7,6,5,4,3
2007040601,1,5,5,64.199678,1,0,3,0,王皓,21,16,3,16,7,8,7,10,5,10,3,4
2007040601,1,5,6,65.078603,1,0,3,0,吴尚垠,16,25,16,25,8,13,10,13,10,1,4,11
2007040601,1,6,1,65.078603,2,0,3,0,王皓,1,12,1,14,1,10,1,4,5,6,3,4
2007040601,1,6,2,78.126250,2,0,3,0,吴尚垠,12,7,14,9,10,5,4,7,6,5,4,3
2007040601,1,6,3,78.202862,2,0,3,0,王皓,7,16,9,16,5,8,7,10,5,6,3,4
2007040601,1,6,4,79.417277,2,0,3,0,吴尚垠,16,9,16,5,8,5,10,7,6,5,4,3
2007040601,1,6,5,79.568057,2,0,3,0,王皓,9,16,5,16,5,10,7,10,5,10,3,4
2007040601,1,6,6,80.963898,2,0,3,0,吴尚垠,16,25,16,25,10,13,10,13,10,1,4,11
2007040601,1,7,1,80.636177,3,0,3,0,吴尚垠,2,21,2,3,2,7,2,3,6,5,8,3
2007040601,1,7,2,97.344603,3,0,3,0,王皓,21,22,3,6,7,8,3,6,5,4,3,4
2007040601,1,7,3,97.879848,3,0,3,0,吴尚垠,22,21,6,5,8,7,6,5,4,9,4,3
2007040601,1,7,4,98.267934,3,0,3,0,王皓,21,26,5,26,7,14,5,14,9,2,3,12
2007040601,1,8,1,98.267934,3,0,4,0,吴尚垠,2,5,2,13,2,5,2,3,6,5,8,7
2007040601,1,8,2,107.988057,3,0,4,0,王皓,5,14,13,14,5,10,3,12,5,6,7,8
2007040601,1,8,3,107.755202,3,0,4,0,吴尚垠,14,11,14,9,10,7,12,7,6,5,8,3
2007040601,1,8,4,108.666288,3,0,4,0,王皓,11,22,9,6,7,8,7,6,5,4,3,4
2007040601,1,8,5,109.225653,3,0,4,0,吴尚垠,22,15,6,5,8,7,6,5,4,9,4,3
2007040601,1,8,6,109.620692,3,0,4,0,王皓,15,26,5,26,7,14,5,14,9,2,3,12
2007040601,1,9,1,109.857996,3,0,5,0,王皓,1,14,1,12,1,10,1,4,5,6,7,8
2007040601,1,9,2,125.911179,3,0,5,0,吴尚垠,14,21,12,3,10,7,4,7,6,5,8,3
2007040601,1,9,3,125.911179,3,0,5,0,王皓,21,16,3,16,7,10,7,10,5,6,3,4
2007040601,1,9,4,125.911179,3,0,5,0,吴尚垠,16,15,16,3,10,9,10,7,6,5,4,3
2007040601,1,9,5,126.308776,3,0,5,0,王皓,15,16,3,16,9,8,7,10,5,4,3,4
2007040601,1,9,6,127.073032,3,0,5,0,吴尚垠,16,9,16,26,8,14,10,14,4,9,4,12
2007040601,1,9,7,127.073032,3,0,5,0,王皓,9,26,26,0,14,0,14,0,9,0,12,0
2007040601,1,10,1,127.073032,3,0,6,0,王皓,1,14,1,4,1,10,1,4,5,6,7,4
2007040601,1,10,2,142.128542,3,0,6,0,吴尚垠,14,21,4,5,10,7,4,5,6,5,4,3
2007040601,1,10,3,142.400898,3,0,6,0,王皓,21,22,5,6,7,8,5,6,5,6,3,4
2007040601,1,10,4,142.926190,3,0,6,0,吴尚垠,22,21,6,5,8,7,6,5,6,5,4,3
2007040601,1,10,5,143.211179,3,0,6,0,王皓,21,22,5,6,7,8,5,6,5,6,3,4
2007040601,1,10,6,143.263082,3,0,6,0,吴尚垠,22,15,6,5,8,7,6,5,6,5,4,3
2007040601,1,10,7,144.099542,3,0,6,0,王皓,15,22,5,6,7,8,5,6,5,6,3,4
2007040601,1,10,8,144.550216,3,0,6,0,吴尚垠,22,21,6,5,8,7,6,5,6,5,4,3
2007040601,1,10,9,144.899995,3,0,6,0,王皓,21,22,5,6,7,8,5,6,5,10,3,4
2007040601,1,10,10,144.938190,3,0,6,0,吴尚垠,22,25,6,25,8,13,6,13,10,1,4,11
2007040601,1,11,1,145.538787,4,0,6,0,吴尚垠,2,13,2,9,2,7,2,3,6,5,8,3
2007040601,1,11,2,161.493860,4,0,6,0,王皓,13,16,9,6,7,8,3,6,5,6,3,4
2007040601,1,11,3,162.021617,4,0,6,0,吴尚垠,16,21,6,5,8,7,6,5,6,5,4,3
2007040601,1,11,4,162.265934,4,0,6,0,王皓,21,22,5,6,7,8,5,6,5,6,3,4
2007040601,1,11,5,162.265934,4,0,6,0,吴尚垠,22,15,6,3,8,5,6,5,6,5,4,3
2007040601,1,11,6,163.229594,4,0,6,0,王皓,15,16,3,16,5,8,5,10,5,6,3,4
2007040601,1,11,7,164.104202,4,0,6,0,吴尚垠,16,21,16,3,8,9,10,7,6,5,4,3
2007040601,1,11,8,163.989179,4,0,6,0,王皓,21,22,3,16,9,8,7,10,5,6,3,4
2007040601,1,11,9,164.907263,4,0,6,0,吴尚垠,22,21,16,5,8,7,10,7,6,9,4,3
2007040601,1,11,10,164.907263,4,0,6,0,王皓,21,26,5,26,7,14,7,14,9,2,3,12
2007040601,1,12,1,165.704714,4,0,7,0,吴尚垠,2,19,2,9,2,7,2,3,6,5,8,3
2007040601,1,12,2,177.240311,4,0,7,0,王皓,19,22,9,16,7,8,3,10,5,6,3,4
2007040601,1,12,3,177.553447,4,0,7,0,吴尚垠,22,15,16,3,8,9,10,7,6,3,4,3
2007040601,1,12,4,177.796263,4,0,7,0,王皓,15,16,3,16,9,8,7,10,3,10,3,4
2007040601,1,12,5,178.562311,4,0,7,0,吴尚垠,16,25,16,25,8,13,10,13,10,1,4,11
2007040601,1,13,1,178.562311,5,0,7,0,王皓,1,14,1,14,1,10,1,4,5,6,7,4
2007040601,1,13,2,200.062592,5,0,7,0,吴尚垠,14,19,14,13,10,7,4,11,6,5,4,7
2007040601,1,13,3,200.599216,5,0,7,0,王皓,19,14,13,14,7,8,11,12,5,6,7,8
2007040601,1,13,4,201.326531,5,0,7,0,吴尚垠,14,13,14,9,8,7,12,7,6,5,8,3
2007040601,1,13,5,201.785581,5,0,7,0,王皓,13,22,9,16,7,8,7,10,5,6,3,4
2007040601,1,13,6,202.257227,5,0,7,0,吴尚垠,22,21,16,5,8,7,10,7,6,3,4,3
2007040601,1,13,7,202.081177,5,0,7,0,王皓,21,22,5,6,7,10,7,6,3,10,3,4
2007040601,1,13,8,203.069971,5,0,7,0,吴尚垠,22,25,6,25,10,13,6,13,10,1,4,11
2007040601,1,14,1,203.018957,6,0,7,0,王皓,1,14,1,10,1,8,1,4,5,6,3,4
2007040601,1,14,2,218.703286,6,0,7,0,吴尚垠,14,21,10,5,8,7,4,5,6,5,4,3
2007040601,1,14,3,219.444386,6,0,7,0,王皓,21,22,5,6,7,8,5,6,5,4,3,4
2007040601,1,14,4,219.662959,6,0,7,0,吴尚垠,22,21,6,26,8,14,6,14,4,9,4,12
2007040601,1,14,5,220.105263,6,0,7,0,王皓,21,26,26,0,14,0,14,0,9,0,12,0
2007040601,1,15,1,220.105263,6,0,8,0,吴尚垠,2,11,2,13,2,7,2,3,6,5,8,7
2007040601,1,15,2,236.583907,6,0,8,0,王皓,11,14,13,10,7,10,3,8,5,4,7,4
2007040601,1,15,3,236.990043,6,0,8,0,吴尚垠,14,15,10,5,10,7,8,5,4,5,4,3
2007040601,1,15,4,237.462361,6,0,8,0,王皓,15,22,5,6,7,8,5,6,5,4,3,4
2007040601,1,15,5,237.558068,6,0,8,0,吴尚垠,22,21,6,5,8,7,6,5,4,3,4,3
2007040601,1,15,6,237.672848,6,0,8,0,王皓,21,10,5,25,7,13,5,13,3,10,3,11
2007040601,1,15,7,238.075397,6,0,8,0,吴尚垠,10,25,25,0,13,0,13,0,10,0,11,0
2007040601,1,16,1,238.075397,7,0,8,0,吴尚垠,2,11,2,13,2,9,2,3,4,9,8,3
2007040601,1,16,2,258.391889,7,0,8,0,王皓,11,26,13,26,9,14,3,14,9,2,3,12
2007040601,1,17,1,256.059043,7,0,9,0,王皓,1,14,1,12,1,10,1,4,5,6,3,4
2007040601,1,17,2,276.472456,7,0,9,0,吴尚垠,14,21,12,3,10,7,4,7,6,5,4,3
2007040601,1,17,3,276.472456,7,0,9,0,王皓,21,22,3,16,7,8,7,10,5,6,3,4
2007040601,1,17,4,276.934299,7,0,9,0,吴尚垠,22,9,16,3,8,5,10,7,6,9,4,3
2007040601,1,17,5,278.196653,7,0,9,0,王皓,9,26,3,26,5,14,7,14,9,2,3,12
2007040601,1,18,1,278.196653,7,0,10,0,王皓,1,14,1,4,1,10,1,4,5,6,7,4
2007040601,1,18,2,295.530274,7,0,10,0,吴尚垠,14,21,4,5,10,7,4,5,6,9,4,3
2007040601,1,18,3,296.090068,7,0,10,0,王皓,21,26,5,26,7,14,5,14,9,2,3,12
2007040601,2,0,0,0.000000,7,0,11,0,,0,0,0,0,0,0,0,0,0,0,0,0
2007040601,2,1,1,296.109422,0,0,0,0,吴尚垠,2,7,2,13,2,5,2,3,0,5,8,3
2007040601,2,1,2,303.017739,0,0,0,0,王皓,7,18,13,14,5,10,3,12,5,6,3,8
2007040601,2,1,3,303.507982,0,0,0,0,吴尚垠,18,9,14,5,10,5,12,7,6,3,8,3
2007040601,2,1,4,304.075628,0,0,0,0,王皓,9,16,5,25,5,13,7,13,3,10,3,11
2007040601,2,1,5,304.966678,0,0,0,0,吴尚垠,16,25,25,0,13,0,13,0,10,0,11,0
2007040601,2,2,1,304.966678,1,0,0,0,吴尚垠,2,13,2,13,2,9,2,3,6,5,8,7
2007040601,2,2,2,320.041556,1,0,0,0,王皓,13,14,13,14,9,10,3,12,5,6,7,8
2007040601,2,2,3,320.070154,1,0,0,0,吴尚垠,14,11,14,9,10,7,12,7,6,5,8,3
2007040601,2,2,4,320.949118,1,0,0,0,王皓,11,16,9,6,7,8,7,6,5,6,3,4
2007040601,2,2,5,321.602361,1,0,0,0,吴尚垠,16,15,6,5,8,7,6,5,6,5,4,3
2007040601,2,2,6,321.758385,1,0,0,0,王皓,15,16,5,6,7,8,5,6,5,6,3,4
2007040601,2,2,7,322.696946,1,0,0,0,吴尚垠,16,9,6,5,8,5,6,5,6,9,4,3
2007040601,2,2,8,322.946397,1,0,0,0,王皓,9,26,5,26,5,14,5,14,9,2,3,12
2007040601,2,3,1,323.133274,1,0,1,0,王皓,1,18,1,12,1,10,1,4,5,6,7,8
2007040601,2,3,2,346.171508,1,0,1,0,吴尚垠,18,21,12,3,10,7,4,7,6,0,8,3
2007040601,2,3,3,346.448982,1,0,1,0,王皓,21,22,3,16,7,8,7,10,0,6,3,4
2007040601,2,3,4,347.419336,1,0,1,0,吴尚垠,22,15,16,3,8,9,10,7,6,5,4,3
2007040601,2,3,5,347.756982,1,0,1,0,王皓,15,16,3,16,9,8,7,10,5,10,3,4
2007040601,2,3,6,348.319692,1,0,1,0,吴尚垠,16,25,16,25,8,13,10,13,10,1,4,11
2007040601,2,4,1,348.319692,2,0,1,0,王皓,1,18,1,14,1,10,1,4,5,0,7,8
2007040601,2,4,2,361.775249,2,0,1,0,吴尚垠,18,7,14,13,10,5,4,11,0,5,8,7
2007040601,2,4,3,362.197336,2,0,1,0,王皓,7,12,13,14,5,6,11,12,5,0,7,8
2007040601,2,4,4,362.524445,2,0,1,0,吴尚垠,12,13,14,9,6,7,12,7,0,5,8,3
2007040601,2,4,5,363.075848,2,0,1,0,王皓,13,22,9,16,7,8,7,10,5,10,3,4
2007040601,2,4,6,363.821483,2,0,1,0,吴尚垠,22,25,16,25,8,13,10,13,10,1,4,11
2007040601,2,5,1,363.821483,3,0,1,0,吴尚垠,2,13,2,11,2,9,2,3,6,5,4,3
2007040601,2,5,2,379.478029,3,0,1,0,王皓,13,22,11,4,9,10,3,8,5,4,3,4
2007040601,2,5,3,379.478029,3,0,1,0,吴尚垠,22,9,4,26,10,14,8,14,4,9,4,12
2007040601,2,5,4,380.009007,3,0,1,0,王皓,9,26,26,0,14,0,14,0,9,0,12,0
2007040601,2,6,1,380.009007,3,0,2,0,吴尚垠,2,13,2,3,2,7,2,3,6,5,8,3
2007040601,2,6,2,393.103068,3,0,2,0,王皓,13,22,3,16,7,8,3,10,5,6,3,4
2007040601,2,6,3,393.751508,3,0,2,0,吴尚垠,22,21,16,3,8,9,10,7,6,5,4,3
2007040601,2,6,4,393.871801,3,0,2,0,王皓,21,16,3,16,9,8,7,10,5,6,3,4
2007040601,2,6,5,394.388678,3,0,2,0,吴尚垠,16,21,16,3,8,7,10,7,6,3,4,3
2007040601,2,6,6,395.264544,3,0,2,0,王皓,21,22,3,16,7,10,7,10,3,10,3,4
2007040601,2,6,7,395.858252,3,0,2,0,吴尚垠,22,25,16,25,10,13,10,13,10,1,4,11
2007040601,2,7,1,395.858252,4,0,2,0,王皓,1,12,1,14,1,10,1,4,5,6,7,4
2007040601,2,7,2,415.904737,4,0,2,0,吴尚垠,12,13,14,9,10,9,4,7,6,5,4,3
2007040601,2,7,3,416.220801,4,0,2,0,王皓,13,16,9,6,9,8,7,6,5,6,3,4
2007040601,2,7,4,416.923422,4,0,2,0,吴尚垠,16,21,6,5,8,7,6,5,6,5,4,3
2007040601,2,7,5,417.023837,4,0,2,0,王皓,21,16,5,6,7,8,5,6,5,6,3,4
2007040601,2,7,6,417.126093,4,0,2,0,吴尚垠,16,15,6,3,8,9,6,5,6,5,4,3
2007040601,2,7,7,417.834349,4,0,2,0,王皓,15,22,3,16,9,8,5,10,5,6,3,4
2007040601,2,7,8,418.307166,4,0,2,0,吴尚垠,22,21,16,3,8,9,10,7,6,3,4,3
2007040601,2,7,9,418.962887,4,0,2,0,王皓,21,22,3,4,9,8,7,6,3,6,3,4
2007040601,2,7,10,419.251653,4,0,2,0,吴尚垠,22,9,4,3,8,5,6,5,6,3,4,3
2007040601,2,7,11,420.769542,4,0,2,0,王皓,9,10,3,22,5,6,5,10,3,6,3,4
2007040601,2,7,12,421.737458,4,0,2,0,吴尚垠,10,7,22,5,6,5,10,7,6,5,4,3
2007040601,2,7,13,422.525848,4,0,2,0,王皓,7,22,5,22,5,8,7,10,5,6,3,4
2007040601,2,7,14,422.447043,4,0,2,0,吴尚垠,22,21,22,7,8,9,10,7,6,5,4,3
2007040601,2,7,15,423.608995,4,0,2,0,王皓,21,22,7,22,9,8,7,10,5,6,3,4
2007040601,2,7,16,424.962667,4,0,2,0,吴尚垠,22,15,22,7,8,5,10,7,6,5,4,3
2007040601,2,7,17,425.655533,4,0,2,0,王皓,15,16,7,4,5,8,7,6,5,4,3,4
2007040601,2,7,18,426.210884,4,0,2,0,吴尚垠,16,13,4,15,8,9,6,9,4,5,4,3
2007040601,2,7,19,425.836000,4,0,2,0,王皓,13,14,15,24,9,8,9,12,5,6,3,4
2007040601,2,7,20,428.734519,4,0,2,0,吴尚垠,14,19,24,3,8,9,12,7,6,3,4,3
2007040601,2,7,21,429.195397,4,0,2,0,王皓,19,10,3,25,9,13,7,13,3,10,3,11
2007040601,2,7,22,429.242347,4,0,2,0,吴尚垠,10,25,25,0,13,0,13,0,10,0,11,0
2007040601,2,8,1,429.242347,5,0,2,0,王皓,1,14,1,14,1,8,1,4,5,6,7,8
2007040601,2,8,2,457.350091,5,0,2,0,吴尚垠,14,13,14,9,8,7,4,7,6,5,8,3
2007040601,2,8,3,457.906068,5,0,2,0,王皓,13,22,9,16,7,8,7,10,5,6,3,4
2007040601,2,8,4,458.307812,5,0,2,0,吴尚垠,22,9,16,3,8,5,10,7,6,9,4,3
2007040601,2,8,5,458.448252,5,0,2,0,王皓,9,26,3,26,5,14,7,14,9,2,3,12
2007040601,2,9,1,458.809494,5,0,3,0,吴尚垠,2,7,2,13,2,5,2,3,6,5,4,3
2007040601,2,9,2,474.381701,5,0,3,0,王皓,7,20,13,10,5,10,3,8,5,6,3,4
2007040601,2,9,3,474.882531,5,0,3,0,吴尚垠,20,15,10,3,10,9,8,5,6,9,4,3
2007040601,2,9,4,475.432982,5,0,3,0,王皓,15,26,3,26,9,14,5,14,9,2,3,12
2007040601,2,10,1,475.507689,5,0,4,0,吴尚垠,2,13,2,13,2,9,2,3,6,5,8,7
2007040601,2,10,2,486.970837,5,0,4,0,王皓,13,20,13,10,9,10,3,8,5,6,7,4
2007040601,2,10,3,487.180508,5,0,4,0,吴尚垠,20,15,10,5,10,7,8,5,6,9,4,3
2007040601,2,10,4,487.833860,5,0,4,0,王皓,15,26,5,26,7,14,5,14,9,2,3,12
2007040601,2,11,1,488.093592,5,0,5,0,王皓,1,12,1,10,1,8,1,4,5,6,3,4
2007040601,2,11,2,519.706968,5,0,5,0,吴尚垠,12,21,10,5,8,7,4,5,6,5,4,3
2007040601,2,11,3,520.286667,5,0,5,0,王皓,21,22,5,6,7,8,5,6,5,6,3,4
2007040601,2,11,4,520.364728,5,0,5,0,吴尚垠,22,15,6,3,8,9,6,5,6,9,4,3
2007040601,2,11,5,521.365592,5,0,5,0,王皓,15,26,3,26,9,14,5,14,9,2,3,12
2007040601,2,12,1,520.878057,5,0,6,0,王皓,1,12,1,12,1,10,1,4,5,6,7,4
2007040601,2,12,2,536.819993,5,0,6,0,吴尚垠,12,15,12,3,10,9,4,7,6,5,4,3
2007040601,2,12,3,537.380508,5,0,6,0,王皓,15,16,3,16,9,8,7,10,5,6,3,4
2007040601,2,12,4,537.392032,5,0,6,0,吴尚垠,16,9,16,15,8,5,10,11,6,9,4,3
2007040601,2,12,5,537.392032,5,0,6,0,王皓,9,26,15,26,5,14,11,14,9,2,3,12
2007040601,2,13,1,538.466252,5,0,7,0,吴尚垠,2,7,2,13,2,5,2,3,6,5,8,7
2007040601,2,13,2,560.083447,5,0,7,0,王皓,7,20,13,14,5,10,3,12,5,6,7,4
2007040601,2,13,3,560.619104,5,0,7,0,吴尚垠,20,13,14,3,10,9,12,7,6,3,4,3
2007040601,2,13,4,561.018057,5,0,7,0,王皓,13,22,3,6,9,8,7,6,3,10,3,4
2007040601,2,13,5,561.844508,5,0,7,0,吴尚垠,22,25,6,25,8,13,6,13,10,1,4,11
2007040601,2,14,1,561.844508,6,0,7,0,吴尚垠,2,13,2,9,2,11,2,3,6,5,4,3
2007040601,2,14,2,579.689531,6,0,7,0,王皓,13,22,9,6,11,8,3,6,5,0,3,4
2007040601,2,14,3,580.098569,6,0,7,0,吴尚垠,22,21,6,5,8,7,6,5,0,5,4,3
2007040601,2,14,4,580.535703,6,0,7,0,王皓,21,10,5,4,7,6,5,6,5,6,3,4
2007040601,2,14,5,580.535703,6,0,7,0,吴尚垠,10,9,4,3,6,5,6,5,6,9,4,3
2007040601,2,14,6,581.190336,6,0,7,0,王皓,9,26,3,26,5,14,5,14,9,2,3,12
2007040601,2,15,1,582.079397,6,0,8,0,王皓,1,12,1,10,1,6,1,4,5,0,3,4
2007040601,2,15,2,598.465776,6,0,8,0,吴尚垠,12,15,10,3,6,9,4,5,0,3,4,3
2007040601,2,15,3,599.084104,6,0,8,0,王皓,15,16,3,16,9,8,5,10,3,6,3,4
2007040601,2,15,4,599.657714,6,0,8,0,吴尚垠,16,21,16,3,8,9,10,7,6,3,4,3
2007040601,2,15,5,599.613458,6,0,8,0,王皓,21,16,3,16,9,8,7,10,3,10,3,4
2007040601,2,15,6,600.628338,6,0,8,0,吴尚垠,16,25,16,25,8,13,10,13,10,1,4,11
2007040601,2,16,1,600.575533,7,0,8,0,王皓,1,12,1,14,1,10,1,4,5,6,3,4
2007040601,2,16,2,634.556787,7,0,8,0,吴尚垠,12,7,14,3,10,5,4,7,6,3,4,3
2007040601,2,16,3,635.287580,7,0,8,0,王皓,7,16,3,25,5,13,7,13,3,10,3,11
2007040601,2,16,4,635.347605,7,0,8,0,吴尚垠,16,25,25,0,13,0,13,0,10,0,11,0
2007040601,2,17,1,635.347605,8,0,8,0,吴尚垠,2,13,2,3,2,5,2,3,6,3,4,3
2007040601,2,17,2,654.239653,8,0,8,0,王皓,13,10,3,25,5,13,3,13,3,10,3,11
2007040601,2,17,3,654.536581,8,0,8,0,吴尚垠,10,25,25,0,13,0,13,0,10,0,11,0
2007040601,2,18,1,654.536581,9,0,8,0,吴尚垠,2,13,2,9,2,9,2,3,6,5,4,3
2007040601,2,18,2,673.496385,9,0,8,0,王皓,13,10,9,16,9,6,3,10,5,6,3,4
2007040601,2,18,3,674.229043,9,0,8,0,吴尚垠,10,21,16,5,6,7,10,7,6,3,4,3
2007040601,2,18,4,674.457678,9,0,8,0,王皓,21,22,5,4,7,8,7,6,3,10,3,4
2007040601,2,18,5,674.984921,9,0,8,0,吴尚垠,22,25,4,25,8,13,6,13,10,1,4,11
2007040601,2,19,1,674.984921,10,0,8,0,王皓,1,12,1,12,1,10,1,4,5,6,7,8
2007040601,2,19,2,702.018349,10,0,8,0,吴尚垠,12,21,12,3,10,9,4,7,6,5,8,3
2007040601,2,19,3,702.018349,10,0,8,0,王皓,21,16,3,16,9,8,7,10,5,6,3,4
2007040601,2,19,4,703.111411,10,0,8,0,吴尚垠,16,15,16,3,8,9,10,7,6,3,4,3
2007040601,2,19,5,703.510739,10,0,8,0,王皓,15,22,3,16,9,8,7,10,3,10,3,4
2007040601,2,19,6,704.160086,10,0,8,0,吴尚垠,22,25,16,25,8,13,10,13,10,1,4,11
2007040601,3,0,0,0.000000,11,0,8,0,,0,0,0,0,0,0,0,0,0,0,0,0
2007040601,3,1,1,704.160086,0,0,0,0,王皓,1,14,1,10,1,6,1,4,5,6,7,4
2007040601,3,1,2,709.877263,0,0,0,0,吴尚垠,14,15,10,3,6,9,4,5,6,5,4,3
2007040601,3,1,3,710.750617,0,0,0,0,王皓,15,16,3,16,9,8,5,10,5,6,3,4
2007040601,3,1,4,711.612007,0,0,0,0,吴尚垠,16,21,16,3,8,7,10,7,6,9,4,3
2007040601,3,1,5,711.622104,0,0,0,0,王皓,21,26,3,26,7,14,7,14,9,2,3,12
2007040601,3,2,1,713.219195,0,0,1,0,王皓,1,14,1,12,1,6,1,4,5,6,3,8
2007040601,3,2,2,726.685102,0,0,1,0,吴尚垠,14,21,12,3,6,7,4,7,6,5,8,3
2007040601,3,2,3,727.379583,0,0,1,0,王皓,21,16,3,16,7,8,7,10,5,6,3,4
2007040601,3,2,4,727.674617,0,0,1,0,吴尚垠,16,21,16,3,8,7,10,7,6,5,4,3
2007040601,3,2,5,728.000544,0,0,1,0,王皓,21,22,3,16,7,8,7,10,5,6,3,4
2007040601,3,2,6,728.421252,0,0,1,0,吴尚垠,22,21,16,3,8,7,10,7,6,3,4,3
2007040601,3,2,7,729.178628,0,0,1,0,王皓,21,10,3,16,7,6,7,10,3,10,3,4
2007040601,3,2,8,729.865213,0,0,1,0,吴尚垠,10,25,16,25,6,13,10,13,10,1,4,11
2007040601,3,3,1,730.872338,1,0,1,0,吴尚垠,2,21,2,3,2,7,2,3,6,5,4,3
2007040601,3,3,2,745.271834,1,0,1,0,王皓,21,16,3,6,7,8,3,6,5,6,3,4
2007040601,3,3,3,746.035227,1,0,1,0,吴尚垠,16,21,6,3,8,7,6,5,6,5,4,3
2007040601,3,3,4,745.646433,1,0,1,0,王皓,21,22,3,16,7,8,5,10,5,10,3,4
2007040601,3,3,5,745.927776,1,0,1,0,吴尚垠,22,25,16,25,8,13,10,13,10,1,4,11
2007040601,3,4,1,746.787386,2,0,1,0,吴尚垠,2,13,2,9,2,7,2,3,6,5,8,3
2007040601,3,4,2,761.992689,2,0,1,0,王皓,13,16,9,6,7,8,3,6,5,4,3,4
2007040601,3,4,3,761.682556,2,0,1,0,吴尚垠,16,21,6,15,8,7,6,9,4,9,4,3
2007040601,3,4,4,762.890007,2,0,1,0,王皓,21,26,15,26,7,14,9,14,9,2,3,12
2007040601,3,5,1,762.890007,2,0,2,0,王皓,1,26,1,26,1,14,1,14,9,2,3,12
2007040601,3,6,1,782.180787,2,0,3,0,王皓,3,8,1,12,3,6,1,4,5,6,7,8
2007040601,3,6,2,802.825628,2,0,3,0,吴尚垠,8,21,12,3,6,7,4,7,6,9,8,3
2007040601,3,6,3,803.600082,2,0,3,0,王皓,21,26,3,26,7,14,7,14,9,2,3,12
2007040601,3,7,1,804.455533,2,0,4,0,吴尚垠,2,11,2,13,2,5,2,3,6,5,8,7
2007040601,3,7,2,834.432959,2,0,4,0,王皓,11,8,13,4,5,6,3,8,5,6,7,4
2007040601,3,7,3,835.077653,2,0,4,0,吴尚垠,8,9,4,15,6,5,8,9,6,5,4,3
2007040601,3,7,4,835.488959,2,0,4,0,王皓,9,16,15,4,5,8,9,8,5,10,3,4
2007040601,3,7,5,835.957494,2,0,4,0,吴尚垠,16,25,4,25,8,13,8,13,10,1,4,11
2007040601,3,8,1,836.657580,3,0,4,0,吴尚垠,2,13,2,13,2,5,2,3,6,5,8,7
2007040601,3,8,2,851.117082,3,0,4,0,王皓,13,14,13,10,5,10,3,8,5,4,7,4
2007040601,3,8,3,850.764776,3,0,4,0,吴尚垠,14,9,10,15,10,5,8,9,4,9,4,3
2007040601,3,8,4,851.727592,3,0,4,0,王皓,9,26,15,26,5,14,9,14,9,2,3,12
2007040601,3,9,1,851.727592,3,0,5,0,王皓,3,8,1,10,3,6,1,4,3,10,3,4
2007040601,3,9,2,868.723946,3,0,5,0,吴尚垠,8,25,10,25,6,13,4,13,10,1,4,11
2007040601,3,10,1,868.723946,4,0,5,0,王皓,3,14,1,12,3,6,1,4,5,6,7,8
2007040601,3,10,2,885.069347,4,0,5,0,吴尚垠,14,21,12,3,6,7,4,7,6,5,8,3
2007040601,3,10,3,885.741519,4,0,5,0,王皓,21,16,3,16,7,8,7,10,5,4,3,4
2007040601,3,10,4,885.675605,4,0,5,0,吴尚垠,16,15,16,3,8,9,10,7,4,9,4,3
2007040601,3,10,5,886.510703,4,0,5,0,王皓,15,26,3,26,9,14,7,14,9,2,3,12
2007040601,3,11,1,887.411989,4,0,6,0,吴尚垠,2,13,2,11,2,5,2,3,6,5,8,7
2007040601,3,11,2,905.672546,4,0,6,0,王皓,13,10,11,4,5,6,3,8,5,4,7,4
2007040601,3,11,3,905.672546,4,0,6,0,吴尚垠,10,15,4,3,6,5,8,5,4,9,4,3
2007040601,3,11,4,906.283726,4,0,6,0,王皓,15,26,3,26,5,14,5,14,9,2,3,12
2007040601,3,12,1,907.330606,4,0,7,0,吴尚垠,2,13,2,13,2,5,2,3,2,9,8,7
2007040601,3,12,2,923.364324,4,0,7,0,王皓,13,26,13,26,5,14,3,14,9,2,7,12
2007040601,3,13,1,922.519154,4,0,8,0,王皓,3,14,1,4,3,6,1,4,5,6,7,4
2007040601,3,13,2,940.579048,4,0,8,0,吴尚垠,14,9,4,15,6,7,4,9,6,5,4,3
2007040601,3,13,3,940.055739,4,0,8,0,王皓,9,22,15,4,7,8,9,8,5,2,3,4
2007040601,3,13,4,940.571909,4,0,8,0,吴尚垠,22,21,4,26,8,14,8,14,2,9,4,12
2007040601,3,13,5,941.522422,4,0,8,0,王皓,21,26,26,0,14,0,14,0,9,0,12,0
2007040601,3,14,1,941.522422,4,0,9,0,王皓,1,16,1,14,1,6,1,4,5,6,7,8
2007040601,3,14,2,949.495118,4,0,9,0,吴尚垠,16,13,14,13,6,5,4,11,6,5,8,7
2007040601,3,14,3,948.958000,4,0,9,0,王皓,13,14,13,4,5,8,11,8,5,4,7,4
2007040601,3,14,4,950.491043,4,0,9,0,吴尚垠,14,21,4,15,8,7,8,9,4,9,4,3
2007040601,3,14,5,951.086032,4,0,9,0,王皓,21,26,15,26,7,14,9,14,9,2,3,12
2007040601,3,15,1,951.086032,4,0,10,0,吴尚垠,2,7,2,11,2,5,2,3,6,5,8,7
2007040601,3,15,2,964.732567,4,0,10,0,王皓,7,16,11,4,5,6,3,8,5,6,7,4
2007040601,3,15,3,965.152934,4,0,10,0,吴尚垠,16,21,4,15,6,7,8,9,6,5,4,3
2007040601,3,15,4,965.781776,4,0,10,0,王皓,21,16,15,6,7,8,9,8,5,6,3,4
2007040601,3,15,5,965.893617,4,0,10,0,吴尚垠,16,21,6,3,8,7,8,5,6,5,4,3
2007040601,3,15,6,966.299116,4,0,10,0,王皓,21,22,3,4,7,8,5,6,5,4,3,4
2007040601,3,15,7,966.723166,4,0,10,0,吴尚垠,22,21,4,3,8,7,6,5,4,9,4,3
2007040601,3,15,8,967.406982,4,0,10,0,王皓,21,26,3,26,7,14,5,14,9,2,3,12
2007040601,4,0,0,0.000000,4,0,11,0,,0,0,0,0,0,0,0,0,0,0,0,0
2007040601,4,1,1,967.406982,0,0,0,0,吴尚垠,2,15,2,3,2,7,2,3,6,5,8,3
2007040601,4,1,2,990.354324,0,0,0,0,王皓,15,16,3,4,7,6,3,6,5,6,3,4
2007040601,4,1,3,990.803519,0,0,0,0,吴尚垠,16,9,4,3,6,5,6,5,6,9,4,3
2007040601,4,1,4,991.158812,0,0,0,0,王皓,9,26,3,26,5,14,5,14,9,2,3,12
2007040601,4,2,1,992.000776,0,0,1,0,吴尚垠,2,7,2,13,2,5,2,3,6,5,8,7
2007040601,4,2,2,1007.249801,0,0,1,0,王皓,7,20,13,14,5,6,3,12,5,6,7,8
2007040601,4,2,3,1007.249801,0,0,1,0,吴尚垠,20,13,14,3,6,7,12,7,6,5,8,3
2007040601,4,2,4,1007.461714,0,0,1,0,王皓,13,16,3,16,7,8,7,10,5,6,3,4
2007040601,4,2,5,1008.374812,0,0,1,0,吴尚垠,16,21,16,3,8,7,10,7,6,5,4,3
2007040601,4,2,6,1008.677778,0,0,1,0,王皓,21,22,3,16,7,8,7,10,5,6,3,4
2007040601,4,2,7,1008.942483,0,0,1,0,吴尚垠,22,15,16,3,8,5,10,7,6,5,4,3
2007040601,4,2,8,1009.487909,0,0,1,0,王皓,15,22,3,16,5,8,7,10,5,10,3,4
2007040601,4,2,9,1009.858154,0,0,1,0,吴尚垠,22,25,16,25,8,13,10,13,10,1,4,11
2007040601,4,3,1,1010.925556,1,0,1,0,王皓,3,16,1,4,3,6,1,4,3,10,3,4
2007040601,4,3,2,1027.578581,1,0,1,0,吴尚垠,16,25,4,25,6,13,4,13,10,1,4,11
2007040601,4,4,1,1027.578581,2,0,1,0,王皓,1,14,1,12,1,6,1,4,5,6,7,8
2007040601,4,4,2,1041.970481,2,0,1,0,吴尚垠,14,21,12,3,6,7,4,7,6,5,8,3
2007040601,4,4,3,1041.970481,2,0,1,0,王皓,21,22,3,16,7,8,7,10,5,6,3,6
2007040601,4,4,4,1042.719458,2,0,1,0,吴尚垠,22,21,16,3,8,7,10,7,6,5,6,3
2007040601,4,4,5,1042.803057,2,0,1,0,王皓,21,22,3,16,7,8,7,10,5,6,3,4
2007040601,4,4,6,1043.363483,2,0,1,0,吴尚垠,22,21,16,3,8,7,10,7,6,5,4,3
2007040601,4,4,7,1043.826764,2,0,1,0,王皓,21,16,3,16,7,12,7,10,5,6,3,4
2007040601,4,4,8,1044.538801,2,0,1,0,吴尚垠,16,15,16,3,12,9,10,7,6,5,4,3
2007040601,4,4,9,1044.956216,2,0,1,0,王皓,15,16,3,16,9,8,7,10,5,6,3,4
2007040601,4,4,10,1045.551043,2,0,1,0,吴尚垠,16,21,16,3,8,7,10,7,6,5,4,3
2007040601,4,4,11,1045.907678,2,0,1,0,王皓,21,16,3,16,7,8,7,10,5,6,3,4
2007040601,4,4,12,1046.246801,2,0,1,0,吴尚垠,16,21,16,3,8,7,10,7,6,3,4,3
2007040601,4,4,13,1046.292415,2,0,1,0,王皓,21,10,3,16,7,6,7,10,3,10,3,4
2007040601,4,4,14,1047.744250,2,0,1,0,吴尚垠,10,25,16,25,6,13,10,13,10,1,4,11
2007040601,4,5,1,1047.744250,3,0,1,0,吴尚垠,2,13,2,9,2,7,2,3,6,5,4,3
2007040601,4,5,2,1067.476578,3,0,1,0,王皓,13,22,9,6,7,8,3,6,5,6,3,4
2007040601,4,5,3,1067.877764,3,0,1,0,吴尚垠,22,15,6,3,8,9,6,5,6,5,4,3
2007040601,4,5,4,1068.541411,3,0,1,0,王皓,15,16,3,4,9,6,5,6,5,6,3,4
2007040601,4,5,5,1068.380274,3,0,1,0,吴尚垠,16,15,4,3,6,9,6,5,6,3,4,3
2007040601,4,5,6,1069.638909,3,0,1,0,王皓,15,14,3,25,9,13,5,13,3,10,3,11
2007040601,4,5,7,1070.015104,3,0,1,0,吴尚垠,14,25,25,0,13,0,13,0,10,0,11,0
2007040601,4,6,1,1070.015104,4,0,1,0,吴尚垠,2,19,2,13,2,7,2,3,6,5,8,7
2007040601,4,6,2,1088.096739,4,0,1,0,王皓,19,6,13,10,7,6,3,8,5,6,7,4
2007040601,4,6,3,1089.177617,4,0,1,0,吴尚垠,6,15,10,3,6,9,8,5,6,3,4,3
2007040601,4,6,4,1089.630921,4,0,1,0,王皓,15,16,3,16,9,8,5,10,3,10,3,4
2007040601,4,6,5,1089.889581,4,0,1,0,吴尚垠,16,25,16,25,8,13,10,13,10,1,4,11
2007040601,4,7,1,1089.889581,5,0,1,0,王皓,1,12,1,14,1,10,1,4,5,6,7,8
2007040601,4,7,2,1119.233215,5,0,1,0,吴尚垠,12,7,14,13,10,5,4,11,6,5,8,3
2007040601,4,7,3,1119.879288,5,0,1,0,王皓,7,12,13,10,5,6,11,8,5,10,3,4
2007040601,4,7,4,1120.439971,5,0,1,0,吴尚垠,12,25,10,25,6,13,8,13,10,1,4,11
2007040601,4,8,1,1120.439971,6,0,1,0,王皓,1,12,1,10,1,8,1,4,5,6,3,4
2007040601,4,8,2,1131.488057,6,0,1,0,吴尚垠,12,15,10,5,8,7,4,5,6,5,4,3
2007040601,4,8,3,1131.404252,6,0,1,0,王皓,15,22,5,6,7,8,5,6,5,4,3,4
2007040601,4,8,4,1131.628714,6,0,1,0,吴尚垠,22,21,6,5,8,7,6,5,4,3,4,3
2007040601,4,8,5,1132.214324,6,0,1,0,王皓,21,22,5,6,7,8,5,6,3,10,3,4
2007040601,4,8,6,1132.266787,6,0,1,0,吴尚垠,22,25,6,25,8,13,6,13,10,1,4,11
2007040601,4,9,1,1133.117971,7,0,1,0,吴尚垠,2,11,2,9,2,9,2,3,6,5,4,3
2007040601,4,9,2,1150.388288,7,0,1,0,王皓,11,16,9,6,9,8,3,6,5,6,3,4
2007040601,4,9,3,1150.954252,7,0,1,0,吴尚垠,16,21,6,5,8,7,6,5,6,5,4,5
2007040601,4,9,4,1151.147678,7,0,1,0,王皓,21,22,5,16,7,8,5,10,5,6,5,4
2007040601,4,9,5,1151.735385,7,0,1,0,吴尚垠,22,21,16,5,8,7,10,7,6,3,4,3
2007040601,4,9,6,1151.768154,7,0,1,0,王皓,21,22,5,4,7,8,7,6,3,4,3,4
2007040601,4,9,7,1152.262884,7,0,1,0,吴尚垠,22,21,4,5,8,7,6,5,4,9,4,3
2007040601,4,9,8,1153.008288,7,0,1,0,王皓,21,26,5,26,7,14,5,14,9,2,3,12
2007040601,4,10,1,1152.873288,7,0,2,0,吴尚垠,2,13,2,9,2,7,2,3,6,5,4,3
2007040601,4,10,2,1163.446018,7,0,2,0,王皓,13,16,9,16,7,8,3,10,5,6,3,4
2007040601,4,10,3,1164.009252,7,0,2,0,吴尚垠,16,15,16,3,8,9,10,7,6,3,4,3
2007040601,4,10,4,1164.616896,7,0,2,0,王皓,15,16,3,16,9,8,7,10,3,6,3,4
2007040601,4,10,5,1164.647726,7,0,2,0,吴尚垠,16,15,16,3,8,9,10,7,6,3,4,3
2007040601,4,10,6,1165.696544,7,0,2,0,王皓,15,16,3,16,9,8,7,10,3,10,3,4
2007040601,4,10,7,1166.009238,7,0,2,0,吴尚垠,16,25,16,25,8,13,10,13,10,1,4,11
2007040601,4,11,1,1166.009238,8,0,2,0,王皓,1,12,1,14,1,10,1,4,3,10,7,4
2007040601,4,11,2,1181.662946,8,0,2,0,吴尚垠,12,25,14,25,10,13,4,13,10,1,4,11
2007040601,4,12,1,1181.662946,9,0,2,0,王皓,1,14,1,10,1,8,1,4,5,6,7,4
2007040601,4,12,2,1188.556776,9,0,2,0,吴尚垠,14,21,10,15,8,7,4,9,6,5,4,3
2007040601,4,12,3,1188.945519,9,0,2,0,王皓,21,16,15,6,7,8,9,8,5,10,3,4
2007040601,4,12,4,1189.320934,9,0,2,0,吴尚垠,16,25,6,25,8,13,8,13,10,1,4,11
2007040601,4,13,1,1190.279299,10,0,2,0,吴尚垠,2,25,2,25,2,13,2,13,10,1,4,11
2007040601,5,0,0,0.000000,11,0,2,0,,0,0,0,0,0,0,0,0,0,0,0,0
2007040601,5,1,1,1194.227921,0,0,0,0,王皓,3,20,1,14,3,8,1,4,5,6,7,8
2007040601,5,1,2,1200.281642,0,0,0,0,吴尚垠,20,11,14,9,8,7,4,7,6,3,8,3
2007040601,5,1,3,1201.382361,0,0,0,0,王皓,11,16,9,16,7,8,7,10,3,10,3,4
2007040601,5,1,4,1201.481263,0,0,0,0,吴尚垠,16,25,16,25,8,13,10,13,10,1,4,11
2007040601,5,2,1,1201.761787,1,0,0,0,王皓,3,20,1,12,3,10,1,4,5,6,7,8
2007040601,5,2,2,1212.239603,1,0,0,0,吴尚垠,20,21,12,3,10,7,4,7,6,3,8,3
2007040601,5,2,3,1212.239603,1,0,0,0,王皓,21,16,3,16,7,12,7,10,3,10,3,4
2007040601,5,2,4,1213.061812,1,0,0,0,吴尚垠,16,25,16,25,12,13,10,13,10,1,4,11
2007040601,5,3,1,1213.035519,2,0,0,0,吴尚垠,2,5,2,13,2,5,2,3,6,5,8,7
2007040601,5,3,2,1236.052043,2,0,0,0,王皓,5,8,13,14,5,6,3,12,5,6,7,4
2007040601,5,3,3,1236.676032,2,0,0,0,吴尚垠,8,13,14,9,6,11,12,7,6,5,4,3
2007040601,5,3,4,1237.603227,2,0,0,0,王皓,13,22,9,4,11,8,7,6,5,6,3,4
2007040601,5,3,5,1237.970544,2,0,0,0,吴尚垠,22,15,4,15,8,7,6,9,6,5,4,3
2007040601,5,3,6,1238.347202,2,0,0,0,王皓,15,16,15,4,7,8,9,8,5,4,3,4
2007040601,5,3,7,1238.715519,2,0,0,0,吴尚垠,16,15,4,3,8,9,8,5,4,3,4,3
2007040601,5,3,8,1239.129263,2,0,0,0,王皓,15,16,3,6,9,8,5,6,3,4,3,4
2007040601,5,3,9,1239.624959,2,0,0,0,吴尚垠,16,15,6,3,8,9,6,5,4,9,4,3
2007040601,5,3,10,1240.535068,2,0,0,0,王皓,15,26,3,26,9,14,5,14,9,2,3,12
2007040601,5,4,1,1240.531603,2,0,1,0,吴尚垠,2,11,2,13,2,11,2,3,6,5,8,7
2007040601,5,4,2,1250.950567,2,0,1,0,王皓,11,20,13,14,11,10,3,12,5,6,7,4
2007040601,5,4,3,1251.210605,2,0,1,0,吴尚垠,20,5,14,13,10,11,12,11,6,9,4,3
2007040601,5,4,4,1251.755776,2,0,1,0,王皓,5,26,13,26,11,14,11,14,9,2,3,12
2007040601,5,5,1,1251.755776,2,0,2,0,王皓,3,14,1,14,3,10,1,4,5,6,3,8
2007040601,5,5,2,1268.651324,2,0,2,0,吴尚垠,14,13,14,3,10,7,4,7,6,3,8,3
2007040601,5,5,3,1270.000288,2,0,2,0,王皓,13,16,3,16,7,8,7,10,3,6,3,4
2007040601,5,5,4,1269.837617,2,0,2,0,吴尚垠,16,21,16,3,8,7,10,7,6,3,4,3
2007040601,5,5,5,1270.658787,2,0,2,0,王皓,21,16,3,4,7,10,7,6,3,4,3,4
2007040601,5,5,6,1271.209569,2,0,2,0,吴尚垠,16,21,4,15,10,7,6,9,4,3,4,3
2007040601,5,5,7,1269.896000,2,0,2,0,王皓,21,20,15,8,7,8,9,8,3,6,3,4
2007040601,5,5,8,1272.727361,2,0,2,0,吴尚垠,20,13,8,3,8,7,8,5,6,3,4,3
2007040601,5,5,9,1273.014068,2,0,2,0,王皓,13,16,3,16,7,10,5,10,3,10,3,4
2007040601,5,5,10,1274.159764,2,0,2,0,吴尚垠,16,25,16,25,10,13,10,13,10,1,4,11
2007040601,5,6,1,1274.159764,3,0,2,0,王皓,3,14,1,14,3,10,1,4,5,6,7,8
2007040601,5,6,2,1293.133252,3,0,2,0,吴尚垠,14,5,14,13,10,5,4,11,6,5,8,3
2007040601,5,6,3,1293.362129,3,0,2,0,王皓,5,14,13,10,5,12,11,8,5,6,3,4
2007040601,5,6,4,1293.976585,3,0,2,0,吴尚垠,14,15,10,3,12,7,8,5,6,9,4,3
2007040601,5,6,5,1294.264508,3,0,2,0,王皓,15,26,3,26,7,14,5,14,9,2,3,12
2007040601,5,7,1,1295.411776,3,0,3,0,吴尚垠,2,11,2,13,2,5,2,3,6,5,8,7
2007040601,5,7,2,1320.074383,3,0,3,0,王皓,11,14,13,10,5,10,3,8,5,6,7,4
2007040601,5,7,3,1320.358277,3,0,3,0,吴尚垠,14,15,10,5,10,7,8,5,6,3,4,3
2007040601,5,7,4,1320.839093,3,0,3,0,王皓,15,16,5,6,7,8,5,6,3,10,3,4
2007040601,5,7,5,1321.283898,3,0,3,0,吴尚垠,16,25,6,25,8,13,6,13,10,1,4,11
2007040601,5,8,1,1321.399338,4,0,3,0,吴尚垠,2,11,2,9,2,7,2,3,6,5,8,3
2007040601,5,8,2,1334.203898,4,0,3,0,王皓,11,16,9,4,7,10,3,6,5,4,3,4
2007040601,5,8,3,1334.680739,4,0,3,0,吴尚垠,16,9,4,5,10,5,6,5,4,3,4,3
2007040601,5,8,4,1335.192678,4,0,3,0,王皓,9,10,5,4,5,6,5,6,3,4,3,4
2007040601,5,8,5,1335.394422,4,0,3,0,吴尚垠,10,9,4,3,6,5,6,5,4,9,4,3
2007040601,5,8,6,1336.917909,4,0,3,0,王皓,9,26,3,26,5,14,5,14,9,2,3,12
2007040601,5,9,1,1336.567361,4,0,4,0,王皓,3,14,1,10,3,10,1,4,5,6,3,4
2007040601,5,9,2,1351.798055,4,0,4,0,吴尚垠,14,15,10,3,10,9,4,5,6,3,4,3
2007040601,5,9,3,1352.389812,4,0,4,0,王皓,15,22,3,16,9,8,5,10,3,6,3,4
2007040601,5,9,4,1353.163671,4,0,4,0,吴尚垠,22,21,16,3,8,7,10,7,6,5,4,3
2007040601,5,9,5,1353.353274,4,0,4,0,王皓,21,16,3,16,7,8,7,10,5,6,3,4
2007040601,5,9,6,1353.663764,4,0,4,0,吴尚垠,16,15,16,3,8,5,10,7,6,9,4,3
2007040601,5,9,7,1354.162424,4,0,4,0,王皓,15,26,3,26,5,14,7,14,9,2,3,12
2007040601,5,10,1,1354.544213,4,0,5,0,王皓,3,14,1,4,3,10,1,4,5,4,7,4
2007040601,5,10,2,1371.057079,4,0,5,0,吴尚垠,14,15,4,3,10,9,4,5,4,5,4,3
2007040601,5,10,3,1370.970630,4,0,5,0,王皓,15,16,3,16,9,8,5,10,5,6,3,4
2007040601,5,10,4,1370.901000,4,0,5,0,吴尚垠,16,15,16,3,8,9,10,7,6,9,4,3
2007040601,5,10,5,1372.402079,4,0,5,0,王皓,15,26,3,26,9,14,7,14,9,2,3,12
2007040601,5,11,1,1373.320996,4,0,6,0,吴尚垠,2,11,2,13,2,5,2,3,6,5,8,7
2007040601,5,11,2,1393.025154,4,0,6,0,王皓,11,20,13,10,5,10,3,8,5,6,7,4
2007040601,5,11,3,1394.116726,4,0,6,0,吴尚垠,20,9,10,3,10,5,8,5,6,5,4,3
2007040601,5,11,4,1394.024923,4,0,6,0,王皓,9,22,3,16,5,8,5,10,5,10,3,4
2007040601,5,11,5,1394.953177,4,0,6,0,吴尚垠,22,25,16,25,8,13,10,13,10,1,4,11
2007040601,5,12,1,1394.953177,5,0,6,0,吴尚垠,2,5,2,13,2,5,2,3,6,5,8,7
2007040601,5,12,2,1412.646653,5,0,6,0,王皓,5,8,13,22,5,6,3,12,5,6,7,4
2007040601,5,12,3,1413.648288,5,0,6,0,吴尚垠,8,9,22,7,6,5,12,7,6,5,4,5
2007040601,5,12,4,1414.225118,5,0,6,0,王皓,9,16,7,16,5,12,7,10,5,6,5,6
2007040601,5,12,5,1414.092812,5,0,6,0,吴尚垠,16,15,16,3,12,9,10,7,6,3,6,3
2007040601,5,12,6,1415.199288,5,0,6,0,王皓,15,16,3,16,9,6,7,10,3,10,3,4
2007040601,5,12,7,1415.734422,5,0,6,0,吴尚垠,16,25,16,25,6,13,10,13,10,1,4,11
2007040601,5,13,1,1416.214411,6,0,6,0,王皓,1,14,1,12,1,10,1,4,5,6,7,8
2007040601,5,13,2,1440.513422,6,0,6,0,吴尚垠,14,21,12,3,10,7,4,7,6,5,8,3
2007040601,5,13,3,1440.513422,6,0,6,0,王皓,21,22,3,16,7,8,7,10,5,6,3,6
2007040601,5,13,4,1441.465274,6,0,6,0,吴尚垠,22,21,16,3,8,7,10,7,6,3,6,3
2007040601,5,13,5,1442.038508,6,0,6,0,王皓,21,16,3,16,7,8,7,10,3,10,3,4
2007040601,5,13,6,1442.384628,6,0,6,0,吴尚垠,16,25,16,25,8,13,10,13,10,1,4,11
2007040601,5,14,1,1442.384628,7,0,6,0,王皓,1,14,1,12,1,10,1,4,5,6,3,4
2007040601,5,14,2,1459.252057,7,0,6,0,吴尚垠,14,15,12,3,10,9,4,7,6,1,4,3
2007040601,5,14,3,1460.071361,7,0,6,0,王皓,15,10,3,25,9,13,7,13,1,10,3,11
2007040601,5,14,4,1460.202494,7,0,6,0,吴尚垠,10,25,25,0,13,0,13,0,10,0,11,0
2007040601,5,15,1,1460.202494,8,0,6,0,吴尚垠,2,11,2,13,2,7,2,3,6,5,8,7
2007040601,5,15,2,1480.778093,8,0,6,0,王皓,11,20,13,14,7,10,3,12,5,6,7,8
2007040601,5,15,3,1481.138678,8,0,6,0,吴尚垠,20,13,14,9,10,7,12,7,6,5,8,3
2007040601,5,15,4,1481.410948,8,0,6,0,王皓,13,16,9,6,7,8,7,6,5,4,3,4
2007040601,5,15,5,1481.959191,8,0,6,0,吴尚垠,16,21,6,5,8,7,6,5,4,3,4,3
2007040601,5,15,6,1482.276386,8,0,6,0,王皓,21,22,5,6,7,8,5,6,3,6,3,4
2007040601,5,15,7,1482.667519,8,0,6,0,吴尚垠,22,21,6,5,8,7,6,5,6,5,4,3
2007040601,5,15,8,1482.701324,8,0,6,0,王皓,21,22,5,6,7,8,5,6,5,4,3,4
2007040601,5,15,9,1483.258812,8,0,6,0,吴尚垠,22,9,6,15,8,5,6,9,4,5,4,5
2007040601,5,15,10,1483.842093,8,0,6,0,王皓,9,16,15,6,5,8,9,8,5,6,5,4
2007040601,5,15,11,1484.509971,8,0,6,0,吴尚垠,16,21,6,3,8,7,8,5,6,3,4,3
2007040601,5,15,12,1485.498664,8,0,6,0,王皓,21,10,3,4,7,6,5,6,3,4,3,4
2007040601,5,15,13,1485.660837,8,0,6,0,吴尚垠,10,15,4,3,6,5,6,5,4,9,4,3
2007040601,5,15,14,1487.027347,8,0,6,0,王皓,15,26,3,26,5,14,5,14,9,2,3,12
2007040601,5,16,1,1487.027347,8,0,7,0,吴尚垠,2,5,2,13,2,5,2,3,6,5,8,7
2007040601,5,16,2,1502.136592,8,0,7,0,王皓,5,20,13,10,5,8,3,8,5,6,7,4
2007040601,5,16,3,1502.714887,8,0,7,0,吴尚垠,20,15,10,3,8,9,8,5,6,5,4,3
2007040601,5,16,4,1503.266703,8,0,7,0,王皓,15,22,3,16,9,8,5,10,5,6,3,4
2007040601,5,16,5,1504.134458,8,0,7,0,吴尚垠,22,9,16,3,8,5,10,7,6,3,4,3
2007040601,5,16,6,1504.016751,8,0,7,0,王皓,9,22,3,16,5,8,7,10,3,6,3,4
2007040601,5,16,7,1504.947642,8,0,7,0,吴尚垠,22,21,16,3,8,7,10,7,6,3,4,3
2007040601,5,16,8,1505.661093,8,0,7,0,王皓,21,22,3,16,7,8,7,10,3,6,3,4
2007040601,5,16,9,1506.378934,8,0,7,0,吴尚垠,22,21,16,3,8,7,10,7,6,3,4,3
2007040601,5,16,10,1505.894238,8,0,7,0,王皓,21,22,3,4,7,10,7,6,3,6,3,4
2007040601,5,16,11,1506.429313,8,0,7,0,吴尚垠,22,15,4,3,10,5,6,5,6,5,4,3
2007040601,5,16,12,1507.035971,8,0,7,0,王皓,15,14,3,16,5,8,5,10,5,10,3,4
2007040601,5,16,13,1507.599923,8,0,7,0,吴尚垠,14,25,16,25,8,13,10,13,10,1,4,11
2007040601,5,17,1,1507.599923,9,0,7,0,王皓,1,14,1,14,1,10,1,4,5,6,3,4
2007040601,5,17,2,1529.456494,9,0,7,0,吴尚垠,14,5,14,9,10,5,4,7,6,3,4,3
2007040601,5,17,3,1530.088202,9,0,7,0,王皓,5,10,9,16,5,6,7,10,3,6,3,4
2007040601,5,17,4,1530.454946,9,0,7,0,吴尚垠,10,15,16,15,6,7,10,11,6,5,4,3
2007040601,5,17,5,1531.074898,9,0,7,0,王皓,15,16,15,22,7,12,11,12,5,6,3,4
2007040601,5,17,6,1531.313862,9,0,7,0,吴尚垠,16,15,22,7,12,9,12,7,6,3,4,3
2007040601,5,17,7,1532.423386,9,0,7,0,王皓,15,16,7,16,9,10,7,10,3,10,3,4
2007040601,5,17,8,1532.791923,9,0,7,0,吴尚垠,16,25,16,25,10,13,10,13,10,1,4,11
2007040601,5,18,1,1532.802714,10,0,7,0,王皓,1,14,1,12,1,10,1,4,5,6,7,4
2007040601,5,18,2,1554.648481,10,0,7,0,吴尚垠,14,21,12,3,10,7,4,7,6,9,4,3
2007040601,5,18,3,1554.648481,10,0,7,0,王皓,21,26,3,26,7,14,7,14,9,2,3,12
2007040601,5,19,1,1555.630678,10,0,8,0,吴尚垠,2,11,2,9,2,5,2,3,6,3,4,3
2007040601,5,19,2,1583.649408,10,0,8,0,王皓,11,10,9,16,5,6,3,10,3,10,3,4
2007040601,5,19,3,1584.381617,10,0,8,0,吴尚垠,10,25,16,25,6,13,10,13,10,1,4,11
2007040601,6,0,0,0.000000,11,0,8,0,,0,0,0,0,0,0,0,0,0,0,0,0
2007040601,6,1,1,1584.418032,0,0,0,0,吴尚垠,2,13,2,9,2,7,2,3,4,9,8,3
2007040601,6,1,2,1592.879776,0,0,0,0,王皓,13,26,9,26,7,14,3,14,9,2,3,12
2007040601,6,2,1,1592.879776,0,0,1,0,吴尚垠,2,13,2,9,2,11,2,3,6,5,4,3
2007040601,6,2,2,1603.104249,0,0,1,0,王皓,13,22,9,6,11,8,3,6,5,6,3,4
2007040601,6,2,3,1603.761274,0,0,1,0,吴尚垠,22,15,6,15,8,7,6,9,6,5,4,3
2007040601,6,2,4,1604.514202,0,0,1,0,王皓,15,16,15,4,7,10,9,8,5,6,3,4
2007040601,6,2,5,1604.992884,0,0,1,0,吴尚垠,16,21,4,3,10,9,8,5,6,3,4,3
2007040601,6,2,6,1605.963714,0,0,1,0,王皓,21,16,3,25,9,13,5,13,3,10,3,11
2007040601,6,2,7,1606.141227,0,0,1,0,吴尚垠,16,25,25,0,13,0,13,0,10,0,11,0
2007040601,6,3,1,1606.141227,1,0,1,0,王皓,3,18,1,14,3,10,1,4,5,6,7,8
2007040601,6,3,2,1633.036834,1,0,1,0,吴尚垠,18,5,14,13,10,5,4,11,6,5,8,3
2007040601,6,3,3,1633.528397,1,0,1,0,王皓,5,12,13,14,5,10,11,12,5,6,3,8
2007040601,6,3,4,1634.214472,1,0,1,0,吴尚垠,12,11,14,9,10,7,12,7,6,9,8,3
2007040601,6,3,5,1635.127751,1,0,1,0,王皓,11,26,9,26,7,14,7,14,9,2,3,12
2007040601,6,4,1,1635.127751,1,0,2,0,王皓,3,26,1,26,3,14,1,14,9,2,3,12
2007040601,6,5,1,1655.764383,1,0,3,0,吴尚垠,2,7,2,13,2,5,2,3,6,5,8,3
2007040601,6,5,2,1668.783156,1,0,3,0,王皓,7,18,13,14,5,10,3,12,5,6,3,4
2007040601,6,5,3,1669.361812,1,0,3,0,吴尚垠,18,13,14,3,10,9,12,7,6,3,4,3
2007040601,6,5,4,1669.839581,1,0,3,0,王皓,13,10,3,16,9,6,7,10,3,10,3,4
2007040601,6,5,5,1670.615177,1,0,3,0,吴尚垠,10,25,16,25,6,13,10,13,10,1,4,11
2007040601,6,6,1,1670.615177,2,0,3,0,吴尚垠,2,13,2,13,2,7,2,3,6,5,8,3
2007040601,6,6,2,1694.626177,2,0,3,0,王皓,13,20,13,10,7,8,3,8,5,4,3,4
2007040601,6,6,3,1695.041104,2,0,3,0,吴尚垠,20,15,10,26,8,14,8,14,4,9,4,12
2007040601,6,6,4,1696.264227,2,0,3,0,王皓,15,26,26,0,14,0,14,0,9,0,12,0
2007040601,6,7,1,1696.264227,2,0,4,0,王皓,1,12,1,14,1,10,1,4,5,6,7,4
2007040601,6,7,2,1721.602202,2,0,4,0,吴尚垠,12,21,14,3,10,9,4,7,6,3,4,3
2007040601,6,7,3,1721.602202,2,0,4,0,王皓,21,22,3,16,9,8,7,10,3,10,3,4
2007040601,6,7,4,1722.829798,2,0,4,0,吴尚垠,22,25,16,25,8,13,10,13,10,1,4,11
2007040601,6,8,1,1722.829798,3,0,4,0,王皓,1,12,1,14,1,10,1,4,5,6,7,8
2007040601,6,8,2,1738.133141,3,0,4,0,吴尚垠,12,7,14,13,10,5,4,11,6,5,8,3
2007040601,6,8,3,1739.096349,3,0,4,0,王皓,7,14,13,10,5,6,11,8,5,6,3,4
2007040601,6,8,4,1739.474569,3,0,4,0,吴尚垠,14,9,10,5,6,5,8,5,6,3,4,3
2007040601,6,8,5,1740.087959,3,0,4,0,王皓,9,16,5,16,5,8,5,10,3,6,3,4
2007040601,6,8,6,1740.442032,3,0,4,0,吴尚垠,16,21,16,3,8,7,10,7,6,5,4,3
2007040601,6,8,7,1741.090141,3,0,4,0,王皓,21,16,3,4,7,10,7,6,5,6,3,4
2007040601,6,8,8,1741.589812,3,0,4,0,吴尚垠,16,21,4,3,10,7,6,5,6,9,4,3
2007040601,6,8,9,1742.356263,3,0,4,0,王皓,21,26,3,26,7,14,5,14,9,2,3,12
2007040601,6,9,1,1742.238787,3,0,5,0,吴尚垠,2,11,2,13,2,5,2,3,6,5,8,3
2007040601,6,9,2,1760.754837,3,0,5,0,王皓,11,12,13,10,5,10,3,8,5,6,3,4
2007040601,6,9,3,1761.080764,3,0,5,0,吴尚垠,12,15,10,5,10,7,8,5,6,5,4,3
2007040601,6,9,4,1761.524104,3,0,5,0,王皓,15,22,5,6,7,8,5,6,5,4,3,4
2007040601,6,9,5,1761.828043,3,0,5,0,吴尚垠,22,21,6,5,8,7,6,5,4,3,4,3
2007040601,6,9,6,1762.028959,3,0,5,0,王皓,21,22,5,16,7,10,5,10,3,6,3,6
2007040601,6,9,7,1762.279642,3,0,5,0,吴尚垠,22,21,16,3,10,9,10,7,6,5,6,3
2007040601,6,9,8,1763.174714,3,0,5,0,王皓,21,22,3,16,9,8,7,10,5,6,3,4
2007040601,6,9,9,1763.900497,3,0,5,0,吴尚垠,22,21,16,3,8,9,10,7,6,9,4,3
2007040601,6,9,10,1764.385411,3,0,5,0,王皓,21,26,3,26,9,14,7,14,9,2,3,12
2007040601,6,10,1,1764.614445,3,0,6,0,吴尚垠,2,13,2,9,2,7,2,3,6,3,4,3
2007040601,6,10,2,1783.269664,3,0,6,0,王皓,13,16,9,25,7,13,3,13,3,10,3,11
2007040601,6,10,3,1783.882971,3,0,6,0,吴尚垠,16,25,25,0,13,0,13,0,10,0,11,0
2007040601,6,11,1,1783.882971,4,0,6,0,王皓,1,12,1,10,1,6,1,4,5,6,3,4
2007040601,6,11,2,1798.419386,4,0,6,0,吴尚垠,12,15,10,3,6,9,4,5,6,9,4,3
2007040601,6,11,3,1799.145971,4,0,6,0,王皓,15,26,3,26,9,14,5,14,9,2,3,12
2007040601,6,12,1,1799.166764,4,0,7,0,王皓,1,22,1,4,1,10,1,4,3,6,7,4
2007040601,6,12,2,1811.224726,4,0,7,0,吴尚垠,22,21,4,3,10,9,4,5,6,3,4,3
2007040601,6,12,3,1811.224726,4,0,7,0,王皓,21,22,3,16,9,8,5,10,3,10,3,4
2007040601,6,12,4,1811.875213,4,0,7,0,吴尚垠,22,25,16,25,8,13,10,13,10,1,4,11
2007040601,6,13,1,1811.818336,5,0,7,0,吴尚垠,2,13,2,9,2,5,2,3,4,9,8,3
2007040601,6,13,2,1839.266213,5,0,7,0,王皓,13,26,9,26,5,14,3,14,9,2,3,12
2007040601,6,14,1,1839.021068,5,0,8,0,吴尚垠,2,7,2,13,2,5,2,3,6,5,8,3
2007040601,6,14,2,1854.051104,5,0,8,0,王皓,7,20,13,10,5,10,3,8,5,6,3,4
2007040601,6,14,3,1854.561667,5,0,8,0,吴尚垠,20,15,10,3,10,9,8,5,6,3,4,3
2007040601,6,14,4,1855.102093,5,0,8,0,王皓,15,16,3,16,9,8,5,10,3,6,3,4
2007040601,6,14,5,1855.445581,5,0,8,0,吴尚垠,16,21,16,3,8,7,10,7,6,3,4,3
2007040601,6,14,6,1855.561776,5,0,8,0,王皓,21,22,3,16,7,8,7,10,3,6,3,6
2007040601,6,14,7,1856.230837,5,0,8,0,吴尚垠,22,21,16,3,8,7,10,7,6,3,6,3
2007040601,6,14,8,1857.621751,5,0,8,0,王皓,21,10,3,16,7,8,7,10,3,6,3,4
2007040601,6,14,9,1857.500812,5,0,8,0,吴尚垠,10,21,16,3,8,7,10,7,6,5,4,3
2007040601,6,14,10,1858.157678,5,0,8,0,王皓,21,22,3,16,7,8,7,10,5,6,3,4
2007040601,6,14,11,1858.621508,5,0,8,0,吴尚垠,22,21,16,3,8,7,10,7,6,5,4,3
2007040601,6,14,12,1858.621508,5,0,8,0,王皓,21,22,3,16,7,8,7,10,5,6,3,4
2007040601,6,14,13,1858.621508,5,0,8,0,吴尚垠,22,15,16,3,8,7,10,7,6,3,4,3
2007040601,6,14,14,1859.820812,5,0,8,0,王皓,15,22,3,16,7,8,7,10,3,6,3,4
2007040601,6,14,15,1860.995166,5,0,8,0,吴尚垠,22,21,16,3,8,7,10,7,6,5,4,3
2007040601,6,14,16,1860.694635,5,0,8,0,王皓,21,22,3,16,7,8,7,10,5,6,3,4
2007040601,6,14,17,1860.694635,5,0,8,0,吴尚垠,22,15,16,3,8,9,10,7,6,9,4,3
2007040601,6,14,18,1861.265909,5,0,8,0,王皓,15,26,3,26,9,14,7,14,9,2,3,12
2007040601,6,15,1,1862.116104,5,0,9,0,王皓,1,22,1,4,1,10,1,4,3,10,9,4
2007040601,6,15,2,1880.173018,5,0,9,0,吴尚垠,22,25,4,25,10,13,4,13,10,1,4,11
2007040601,6,16,1,1880.173018,6,0,9,0,王皓,1,12,1,14,1,10,1,4,5,6,7,4
2007040601,6,16,2,1892.556202,6,0,9,0,吴尚垠,12,7,14,3,10,5,4,7,6,9,4,3
2007040601,6,16,3,1893.598166,6,0,9,0,王皓,7,26,3,26,5,14,7,14,9,2,3,12
2007040601,6,17,1,1894.188007,6,0,10,0,吴尚垠,2,11,2,13,2,9,2,3,6,3,8,7
2007040601,6,17,2,1911.860825,6,0,10,0,王皓,11,6,13,25,9,13,3,13,3,10,7,11
2007040601,6,17,3,1912.479574,6,0,10,0,吴尚垠,6,25,25,0,13,0,13,0,10,0,11,0
2007040601,6,18,1,1912.479574,7,0,10,0,吴尚垠,2,13,2,9,2,7,2,3,6,3,4,3
2007040601,6,18,2,1931.011884,7,0,10,0,王皓,13,16,9,16,7,8,3,10,3,10,3,4
2007040601,6,18,3,1931.747603,7,0,10,0,吴尚垠,16,25,16,25,8,13,10,13,10,1,4,11
2007040601,6,19,1,1931.620971,8,0,10,0,王皓,1,8,1,10,1,6,1,4,5,6,3,4
2007040601,6,19,2,1955.602692,8,0,10,0,吴尚垠,8,21,10,5,6,7,4,5,6,5,4,3
2007040601,6,19,3,1956.086946,8,0,10,0,王皓,21,22,5,16,7,8,5,10,5,6,3,4
2007040601,6,19,4,1956.675433,8,0,10,0,吴尚垠,22,9,16,3,8,5,10,7,6,5,4,3
2007040601,6,19,5,1957.056860,8,0,10,0,王皓,9,22,3,16,5,8,7,10,5,6,3,4
2007040601,6,19,6,1957.352848,8,0,10,0,吴尚垠,22,21,16,3,8,7,10,7,6,5,4,3
2007040601,6,19,7,1957.922129,8,0,10,0,王皓,21,22,3,16,7,8,7,10,5,6,3,4
2007040601,6,19,8,1958.239483,8,0,10,0,吴尚垠,22,15,16,3,8,9,10,7,6,5,4,3
2007040601,6,19,9,1958.352776,8,0,10,0,王皓,15,16,3,16,9,8,7,10,5,6,3,4
2007040601,6,19,10,1959.309093,8,0,10,0,吴尚垠,16,21,16,3,8,7,10,7,6,3,4,3
2007040601,6,19,11,1959.276324,8,0,10,0,王皓,21,22,3,16,7,8,7,10,3,10,3,4
2007040601,6,19,12,1960.358714,8,0,10,0,吴尚垠,22,25,16,25,8,13,10,13,10,1,4,11
2007040601,6,20,1,1960.490519,9,0,10,0,王皓,1,12,1,12,1,10,1,4,5,6,7,8
2007040601,6,20,2,1991.386556,9,0,10,0,吴尚垠,12,9,12,3,10,5,4,7,6,1,8,3
2007040601,6,20,3,1992.288762,9,0,10,0,王皓,9,10,3,16,5,6,7,10,1,10,3,4
2007040601,6,20,4,1992.770728,9,0,10,0,吴尚垠,10,25,16,25,6,13,10,13,10,1,4,11
2007040601,6,21,1,1992.770728,10,0,10,0,吴尚垠,2,7,2,9,2,5,2,3,6,3,4,3
2007040601,6,21,2,2023.189737,10,0,10,0,王皓,7,10,9,4,5,6,3,6,3,10,3,4
2007040601,6,21,3,2023.487458,10,0,10,0,吴尚垠,10,25,4,25,6,13,6,13,10,1,4,11
2007040601,6,22,1,2023.792252,11,0,10,0,王皓,1,12,1,10,1,8,1,4,5,6,3,4
2007040601,6,22,2,2054.039288,11,0,10,0,吴尚垠,12,21,10,5,8,7,4,5,6,3,4,3
2007040601,6,22,3,2054.507116,11,0,10,0,王皓,21,22,5,16,7,8,5,10,3,10,3,4
2007040601,6,22,4,2055.114959,11,0,10,0,吴尚垠,22,25,16,25,8,13,10,13,10,1,4,11
